{
  "foods": [
    {
      "idMeal": "52989",
      "strMeal": "Christmas Pudding Trifle",
      "strDrinkAlternate": null,
      "strCategory": "Dessert",
      "strArea": "British",
      "strInstructions": "Peel the oranges using a sharp knife, ensuring all the pith is removed. Slice as thinly as possible and arrange over a dinner plate. Sprinkle with the demerara sugar followed by the Grand Marnier and set aside.\r\n\r\nCrumble the Christmas pudding into large pieces and scatter over the bottom of a trifle bowl. Lift the oranges onto the pudding in a layer and pour over any juices.\r\n\r\nBeat the mascarpone until smooth, then stir in the custard. Spoon the mixture over the top of the oranges.\r\n\r\nLightly whip the cream and spoon over the custard. Sprinkle with the flaked almonds and grated chocolate. You can make this a day in advance if you like, chill until ready to serve.",
      "strMealThumb": "https://www.themealdb.com/images/media/meals/r33cud1576791081.jpg",
      "strTags": "Christmas",
      "strYoutube": "https://www.youtube.com/watch?v=jRfyNQs5qhU",
      "strIngredient1": "Orange",
      "strIngredient2": "Demerara Sugar",
      "strIngredient3": "Grand Marnier",
      "strIngredient4": "Christmas Pudding",
      "strIngredient5": "Custard",
      "strIngredient6": "Mascarpone",
      "strIngredient7": "Double Cream",
      "strIngredient8": "Flaked Almonds",
      "strIngredient9": "Dark Chocolate"
    },
    {
        "idMeal": "52893",
        "strMeal": "Apple & Blackberry Crumble",
        "strDrinkAlternate": null,
        "strCategory": "Dessert",
        "strArea": "British",
        "strInstructions": "Heat oven to 190C/170C fan/gas 5. Tip the flour and sugar into a large bowl. Add the butter, then rub into the flour using your fingertips to make a light breadcrumb texture. Do not overwork it or the crumble will become heavy. Sprinkle the mixture evenly over a baking sheet and bake for 15 mins or until lightly coloured.\r\nMeanwhile, for the compote, peel, core and cut the apples into 2cm dice. Put the butter and sugar in a medium saucepan and melt together over a medium heat. Cook for 3 mins until the mixture turns to a light caramel. Stir in the apples and cook for 3 mins. Add the blackberries and cinnamon, and cook for 3 mins more. Cover, remove from the heat, then leave for 2-3 mins to continue cooking in the warmth of the pan.\r\nTo serve, spoon the warm fruit into an ovenproof gratin dish, top with the crumble mix, then reheat in the oven for 5-10 mins. Serve with vanilla ice cream.",
        "strMealThumb": "https://www.themealdb.com/images/media/meals/xvsurr1511719182.jpg",
        "strTags": "Pudding",
        "strYoutube": "https://www.youtube.com/watch?v=4vhcOwVBDO4",
        "strIngredient1": "Plain Flour",
        "strIngredient2": "Caster Sugar",
        "strIngredient3": "Butter",
        "strIngredient4": "Braeburn Apples",
        "strIngredient5": "Butter",
        "strIngredient6": "Demerara Sugar",
        "strIngredient7": "Blackberrys",
        "strIngredient8": "Cinnamon",
        "strIngredient9": "Ice Cream"
    },
    {
      "idMeal": "52963",
      "strMeal": "Shakshuka",
      "strDrinkAlternate": null,
      "strCategory": "Vegetarian",
      "strArea": "Egyptian",
      "strInstructions": "Heat the oil in a frying pan that has a lid, then soften the onions, chilli, garlic and coriander stalks for 5 mins until soft. Stir in the tomatoes and sugar, then bubble for 8-10 mins until thick. Can be frozen for 1 month.\r\n\r\nUsing the back of a large spoon, make 4 dips in the sauce, then crack an egg into each one. Put a lid on the pan, then cook over a low heat for 6-8 mins, until the eggs are done to your liking. Scatter with the coriander leaves and serve with crusty bread.",
      "strMealThumb": "https://www.themealdb.com/images/media/meals/g373701551450225.jpg",
      "strTags": "Egg,Brunch,Breakfast",
      "strYoutube": "https://www.youtube.com/watch?v=C-3_jYrfdBU",
      "strIngredient1": "Olive Oil",
      "strIngredient2": "Red Onions",
      "strIngredient3": "Red Chilli",
      "strIngredient4": "Garlic",
      "strIngredient5": "Coriander",
      "strIngredient6": "Cherry Tomatoes",
      "strIngredient7": "Caster Sugar",
      "strIngredient8": "Eggs",
      "strIngredient9": "Feta"
  },
  {
    "idMeal": "52813",
    "strMeal": "Kentucky Fried Chicken",
    "strDrinkAlternate": null,
    "strCategory": "Chicken",
    "strArea": "American",
    "strInstructions": "Preheat fryer to 350°F. Thoroughly mix together all the spice mix ingredients.\r\nCombine spice mix with flour, brown sugar and salt.\r\nDip chicken pieces in egg white to lightly coat them, then transfer to flour mixture. Turn a few times and make sure the flour mix is really stuck to the chicken. Repeat with all the chicken pieces.\r\nLet chicken pieces rest for 5 minutes so crust has a chance to dry a bit.\r\nFry chicken in batches. Breasts and wings should take 12-14 minutes, and legs and thighs will need a few more minutes. Chicken pieces are done when a meat thermometer inserted into the thickest part reads 165°F.\r\nLet chicken drain on a few paper towels when it comes out of the fryer. Serve hot.",
    "strMealThumb": "https://www.themealdb.com/images/media/meals/xqusqy1487348868.jpg",
    "strTags": "Meat,Spicy",
    "strYoutube": "https://www.youtube.com/watch?v=PTUxCvCz8Bc",
    "strIngredient1": "Chicken",
    "strIngredient2": "Oil",
    "strIngredient3": "Egg White",
    "strIngredient4": "Flour",
    "strIngredient5": "Brown Sugar",
    "strIngredient6": "Salt",
    "strIngredient7": "paprika",
    "strIngredient8": "onion salt",
    "strIngredient9": "chili powder"
  },
  {
    "idMeal": "52999",
    "strMeal": "Crispy Sausages and Greens",
    "strDrinkAlternate": null,
    "strCategory": "Pork",
    "strArea": "Irish",
    "strInstructions": "Preheat the oven to 350°. Remove the stems from one bunch of Tuscan kale and tear the leaves into 1\" pieces (mustard greens, collards, spinach, and chard are great, too). Coarsely chop half a head of green cabbage. Combine the greens in a large baking dish and add 4 cloves of thinly sliced garlic. Adding some sliced onions and shiitake mushrooms at this point is optional, but highly recommended (I'll sauté the onions and mushrooms in a cast iron baking dish right on the stove before adding to the greens). Coat the greens with some olive oil and pour ½ cup chicken stock or broth over everything. Cover the dish with foil and bake until the greens are wilted, about 15 minutes. Remove foil and season with salt and pepper. Continue to bake until cabbage is tender, about 20-25 minutes more.\r\n\r\nMeanwhile, heat a little olive oil in a large skillet over medium-high. Prick four sweet Italian sausages with a fork and cook until browned on all sides and cooked through, 10 to 12 minutes. When the greens are done, slice the sausage and toss into the greens with a splash of your favorite vinegar (I like sherry or red wine).",
    "strMealThumb": "https://www.themealdb.com/images/media/meals/st1ifa1583267248.jpg",
    "strTags": null,
    "strYoutube": "",
    "strIngredient1": "Kale",
    "strIngredient2": "Italian Fennel Sausages",
    "strIngredient3": "Cabbage",
    "strIngredient4": "Garlic Clove",
    "strIngredient5": "Onion",
    "strIngredient6": "Shiitake Mushrooms",
    "strIngredient7": "Chicken Stock",
    "strIngredient8": "Salt",
    "strIngredient9": "Pepper"
  }
  ]
}
